Accuracy,Precision,Recall,F1-score,AUC,Training Time (sec)
0.33482142857142855,0.11,0.33,0.17,0.5534185863716065,608.2738001346588
