Accuracy,Precision,Recall,F1-score,AUC,Training Time (sec)
0.4151785671710968,0.4865530303030303,0.4141141141141141,0.3773117839607201,0.41250498820968623,609.1532199382782
