Accuracy,Precision,Recall,F1-score,AUC,Training Time (sec)
0.5401785969734192,0.6502,0.5402,0.5014,0.8273067698571054,1033.6368291378021
